Ref,Val,Package,PosX,PosY,Rot,Side
"C1","4.7uF","C_0805_2012Metric",108.675000,-67.526309,0.000000,top
"C2","10uF","C_0805_2012Metric",113.355000,-58.553309,0.000000,top
"C3","10uF","C_0805_2012Metric",113.765000,-66.828309,180.000000,top
"C4","4.7uF","C_0805_2012Metric",108.675000,-65.253009,180.000000,top
"C5","4.7uF","C_0805_2012Metric",106.135000,-57.874309,-90.000000,top
"C6","22uF","C_0805_2012Metric",108.675000,-62.954309,180.000000,top
"C7","4.7uF","C_0805_2012Metric",103.849000,-57.874309,90.000000,top
"C8","4.7uF","C_0805_2012Metric",108.675000,-69.812309,180.000000,top
"C9","10uF","C_0805_2012Metric",108.675000,-60.668309,0.000000,top
"C10","22uF","C_0805_2012Metric",86.765000,-56.028309,-90.000000,top
"C11","4.7uF","C_0805_2012Metric",108.675000,-72.098309,180.000000,top
"C12","10uF","C_0805_2012Metric",96.737000,-58.890309,90.000000,top
"C13","10uF","C_0805_2012Metric",157.320000,-68.890000,-90.000000,top
"C14","1uF","C_0402_1005Metric",155.700000,-84.010000,-90.000000,top
"C15","100nF","C_0805_2012Metric",149.730000,-80.921250,-90.000000,top
"C16","2.2uF","C_0805_2012Metric",70.420000,-72.200000,-135.000000,top
"C17","100uF","CP_EIA-3528-15_AVX-H",152.530000,-80.721250,90.000000,top
"C18","1uF","C_0805_2012Metric",151.596600,-84.947850,180.000000,top
"C19","10uF","C_0805_2012Metric",125.510000,-31.980000,-90.000000,top
"C20","10nF","C_0805_2012Metric",91.403000,-63.081309,0.000000,top
"C21","10uF","C_0805_2012Metric",79.690000,-82.730001,90.000000,top
"C22","100nF","C_0805_2012Metric",71.950000,-64.749000,-90.000000,top
"C23","1uF/50V","C_1206_3216Metric",63.130000,-67.800000,90.000000,top
"C24","4.7uF","C_0805_2012Metric",101.563000,-57.874309,90.000000,top
"C25","10nF","C_0805_2012Metric",91.403000,-70.701309,0.000000,top
"C26","4.7uF","C_0805_2012Metric",91.657000,-74.384309,90.000000,top
"C27","2.2uF","C_0805_2012Metric",82.513000,-64.478309,0.000000,top
"C28","4.7uF","C_0805_2012Metric",101.944000,-74.384309,90.000000,top
"C29","100nF","C_0805_2012Metric",91.403000,-68.288309,0.000000,top
"C30","100nF","C_0805_2012Metric",91.403000,-65.494309,180.000000,top
"C31","4.7uF","C_0805_2012Metric",104.103000,-74.384309,90.000000,top
"C32","10uF","C_0805_2012Metric",99.277000,-79.337309,90.000000,top
"C33","2.2uF","C_0805_2012Metric",82.513000,-70.828309,180.000000,top
"C34","1uF/50V","C_1206_3216Metric",140.890000,-25.980000,180.000000,top
"C35","1uF/25V","C_0805_2012Metric",128.020000,-53.750000,-90.000000,top
"C36","1uF/50V","C_1206_3216Metric",125.365000,-29.020000,180.000000,top
"C37","1uF/25V","C_0805_2012Metric",125.740000,-44.710000,180.000000,top
"C38","1uF/25V","C_0805_2012Metric",125.930000,-37.300000,180.000000,top
"C39","10uF","C_0805_2012Metric",83.730000,-84.270000,180.000000,top
"C40","100nF","C_0805_2012Metric",108.915000,-50.628309,0.000000,top
"C41","22pF","C_0402_1005Metric",109.440000,-86.750000,-45.000000,top
"D1","MBR0540","D_SOD-123",99.277000,-57.366309,-90.000000,top
"D2","MBR0540","D_SOD-123",88.355000,-63.208309,90.000000,top
"D3","MBR0540","D_SOD-123",85.815000,-63.208309,-90.000000,top
"D4","MBR0540","D_SOD-123",99.404000,-75.019309,90.000000,top
"D5","MBR0540","D_SOD-123",88.355000,-72.352309,90.000000,top
"D6","MBR0540","D_SOD-123",85.815000,-72.352309,-90.000000,top
"D8","LED GREEN","LED_0805_2012Metric",74.395000,-68.598500,-90.000000,top
"D9","LED RED","LED_0805_2012Metric",76.808000,-68.598500,-90.000000,top
"D10","1N5817","D_SOD-123",72.050000,-50.630000,180.000000,top
"IC1","TPS2117DRLR","C22399676_TPS2117-8N",154.442000,-64.260000,0.000000,top
"IC2","BQ27426YZFR","Texas_DSBGA-9_1.62x1.58mm_Layout3x3_P0.5mm",67.820000,-69.770000,0.000000,top
"J3","SM04B-SRSS-TB_LF__SN_","QWIIC_SM04B-SRSS-TB_LFSN_",78.170000,-91.079685,0.000000,top
"J4","Conn_01x02_Shielded","C265329_BATT_S2B-ZR-SM4A",65.385000,-59.430000,180.000000,top
"J9","USB_C_Receptacle_USB2.0","USB_C_Receptacle_HRO_TYPE-C-31-M-12",71.780000,-88.370000,0.000000,top
"L1","4.7uH","L_Taiyo-Yuden_NR-50xx_HandSoldering",92.673000,-57.112309,90.000000,top
"L2","2.2uH","L_Taiyo-Yuden_NR-40xx_HandSoldering",95.721000,-75.781309,90.000000,top
"Q2","CPH3350","SOT-23",149.715000,-74.757500,-135.000000,top
"Q3","NTR4170NT1G","SOT-23",167.135000,-75.117500,0.000000,top
"Q4","CPH3350","SOT-23",154.355000,-69.957500,0.000000,top
"R1","10k","R_0402_1005Metric",98.939376,-85.731876,-45.000000,top
"R2","5.1k","R_0603_1608Metric",151.050000,-66.950000,0.000000,top
"R3","1k","R_0603_1608Metric",74.500000,-64.999000,-90.000000,top
"R4","5.1k","R_0603_1608Metric",108.915000,-48.628309,180.000000,top
"R5","0","R_0603_1608Metric",94.415000,-43.428309,180.000000,top
"R6","5.1k","R_0603_1608Metric",108.915000,-46.828309,180.000000,top
"R7","100k","R_0603_1608Metric",151.580000,-69.950000,90.000000,top
"R8","1k","R_0603_1608Metric",76.808000,-64.999000,-90.000000,top
"R9","3.83k","R_0603_1608Metric",73.700000,-53.149000,180.000000,top
"R10","10k","R_0603_1608Metric",147.730000,-81.121250,-90.000000,top
"R11","100k","R_0402_1005Metric",163.800000,-75.050000,-90.000000,top
"R12","5.1k","R_0603_1608Metric",74.170000,-80.520000,45.000000,top
"R13","5.1k","R_0603_1608Metric",69.980000,-80.520000,135.000000,top
"R14","10k","R_0603_1608Metric",94.415000,-46.628309,0.000000,top
"R15","10k","R_0603_1608Metric",121.380000,-65.180000,90.000000,top
"R16","10k","R_0603_1608Metric",94.415000,-45.028309,0.000000,top
"R17","2k","R_0402_1005Metric",153.770000,-66.950000,0.000000,top
"R18","43k","R_0603_1608Metric",107.096200,-75.874909,90.000000,top
"R19","1M","R_0603_1608Metric",87.847000,-66.510309,180.000000,top
"R20","52.3k","R_0603_1608Metric",84.545000,-66.510309,180.000000,top
"R21","10k","R_0402_1005Metric",88.570000,-86.120000,180.000000,top
"R22","10k","R_0402_1005Metric",167.100000,-85.600000,45.000000,top
"R23","1M","R_0603_1608Metric",87.847000,-68.796309,180.000000,top
"R24","47.5k","R_0603_1608Metric",84.545000,-68.796309,180.000000,top
"R25","10k","R_0603_1608Metric",65.170000,-66.990000,90.000000,top
"R26","47k","R_0603_1608Metric",144.900000,-25.570000,180.000000,top
"R27","47k","R_0603_1608Metric",129.950000,-53.928000,-90.000000,top
"R28","47k","R_0603_1608Metric",121.295000,-28.640000,180.000000,top
"R29","47k","R_0603_1608Metric",125.790000,-46.760000,180.000000,top
"R30","100k","R_0603_1608Metric",125.860000,-39.030000,180.000000,top
"R31","10k","R_0402_1005Metric",149.656600,-78.577850,180.000000,top
"R32","0Ω","R_0603_1608Metric",155.690000,-86.535000,90.000000,top
"R33","10k","R_0603_1608Metric",108.915000,-43.378309,180.000000,top
"R35","100k","R_0402_1005Metric",155.260000,-60.850000,-90.000000,top
"R37","10k","R_0603_1608Metric",64.770000,-72.520000,135.000000,top
"R38","10m","R_2512_6332Metric",67.630000,-76.240000,0.000000,top
"SW1","HX-3X6X3.5-CA-0.6-2.5N","SW-SMD_HX-3X6X3.5-CA-0.6-2.5N",101.420000,-89.570000,180.000000,top
"SW2","HX TS24CB 160GF","C25168832_TS24CB-160GF",152.445000,-89.577500,180.000000,top
"SW3","HX-3X6X3.5-CA-0.6-2.5N","SW-SMD_HX-3X6X3.5-CA-0.6-2.5N",89.700000,-89.570000,180.000000,top
"SW4","HX-3X6X3.5-CA-0.6-2.5N","SW-SMD_HX-3X6X3.5-CA-0.6-2.5N",170.080000,-82.200000,-90.000000,top
"SW5","HX-3X6X3.5-CA-0.6-2.5N","SW-SMD_HX-3X6X3.5-CA-0.6-2.5N",113.140000,-89.570000,180.000000,top
"SW6","MK-12C02-G015","C963206_MK-12C02-G020",169.920000,-69.290000,90.000000,top
"TH1","10k/3380K","R_0603_1608Metric",109.128200,-75.874909,-90.000000,top
"U1","MCP1700-3302E_SOT23","SOT-23",113.592500,-62.203309,90.000000,top
"U2","PCA9535PW","TSSOP-24_4.4x7.8mm_P0.65mm",101.665000,-45.990809,-90.000000,top
"U3","TPS651851RSLR","TPS651851RSLR",100.039000,-66.256309,180.000000,top
"U4","DS3231MZ","SOIC-8_3.9x4.9mm_P1.27mm",158.305000,-74.325000,0.000000,top
"U6","ED078KH6","FH1240S05SH55_MIRRORED",133.755000,-38.340000,90.000000,top
"U8","ESP32-S3-WROOM-1","ESP32-S3-WROOM-1",132.888400,-75.463400,180.000000,top
"U10","RT9080-33GJ5","TSOT-23-5",82.862500,-80.980000,-90.000000,top
"U11","TP4056","TP4056_SOP-8-PP",72.750000,-58.140000,-90.000000,top
